numpy,https://github.com/numpy/numpy/issues/25366,2023-12-11T14:45:30Z,No version
numpy,https://github.com/numpy/numpy/issues/25362,2023-12-10T09:27:47Z,No version
numpy,https://github.com/numpy/numpy/issues/25270,2023-11-29T12:30:50Z,No version
numpy,https://github.com/numpy/numpy/issues/25214,2023-11-21T02:20:25Z,No version
numpy,https://github.com/numpy/numpy/issues/25207,2023-11-20T19:49:37Z,No version
numpy,https://github.com/numpy/numpy/issues/24889,2023-10-09T15:57:52Z,No version
numpy,https://github.com/numpy/numpy/issues/24737,2023-09-18T15:58:00Z,No version
numpy,https://github.com/numpy/numpy/issues/24451,2023-08-18T15:15:37Z,No version
numpy,https://github.com/numpy/numpy/issues/24313,2023-08-01T16:52:49Z,No version
numpy,https://github.com/numpy/numpy/issues/24284,2023-07-28T23:51:33Z,No version
numpy,https://github.com/numpy/numpy/issues/24015,2023-06-22T02:37:19Z,No version
numpy,https://github.com/numpy/numpy/issues/23669,2023-04-26T20:05:16Z,No version
numpy,https://github.com/numpy/numpy/issues/23410,2023-03-16T22:42:06Z,No version
numpy,https://github.com/numpy/numpy/issues/23350,2023-03-06T15:35:08Z,No version
numpy,https://github.com/numpy/numpy/issues/23305,2023-03-01T10:58:18Z,No version
numpy,https://github.com/numpy/numpy/issues/23107,2023-01-26T18:37:03Z,No version
numpy,https://github.com/numpy/numpy/issues/23075,2023-01-23T15:52:03Z,No version
numpy,https://github.com/numpy/numpy/issues/23062,2023-01-22T07:38:05Z,No version
numpy,https://github.com/numpy/numpy/issues/23049,2023-01-19T21:47:01Z,No version
numpy,https://github.com/numpy/numpy/issues/22985,2023-01-10T11:04:37Z,No version
numpy,https://github.com/numpy/numpy/issues/22852,2022-12-21T10:19:52Z,No version
numpy,https://github.com/numpy/numpy/issues/22688,2022-11-29T12:49:36Z,No version
numpy,https://github.com/numpy/numpy/issues/22380,2022-10-05T13:27:27Z,No version
numpy,https://github.com/numpy/numpy/issues/22237,2022-09-09T11:24:16Z,No version
numpy,https://github.com/numpy/numpy/issues/22042,2022-07-25T09:18:11Z,No version
numpy,https://github.com/numpy/numpy/issues/22025,2022-07-22T11:56:26Z,No version
numpy,https://github.com/numpy/numpy/pull/21980,2022-07-14T02:15:20Z,No version
numpy,https://github.com/numpy/numpy/issues/21932,2022-07-06T16:03:31Z,No version
numpy,https://github.com/numpy/numpy/issues/21524,2022-05-17T12:06:08Z,No version
numpy,https://github.com/numpy/numpy/issues/21358,2022-04-18T13:22:11Z,No version
numpy,https://github.com/numpy/numpy/issues/21213,2022-03-17T18:57:37Z,No version
numpy,https://github.com/numpy/numpy/issues/21091,2022-02-19T03:33:13Z,No version
numpy,https://github.com/numpy/numpy/issues/20895,2022-01-26T03:59:51Z,No version
numpy,https://github.com/numpy/numpy/issues/20799,2022-01-12T00:28:10Z,No version
numpy,https://github.com/numpy/numpy/issues/20715,2022-01-03T10:39:16Z,No version
numpy,https://github.com/numpy/numpy/issues/20493,2021-11-30T11:10:03Z,No version
numpy,https://github.com/numpy/numpy/issues/20291,2021-11-03T20:10:01Z,No version
numpy,https://github.com/numpy/numpy/issues/20259,2021-10-31T23:21:16Z,No version
numpy,https://github.com/numpy/numpy/issues/20167,2021-10-23T06:43:45Z,No version
numpy,https://github.com/numpy/numpy/issues/20103,2021-10-12T12:19:32Z,No version
numpy,https://github.com/numpy/numpy/issues/19891,2021-09-19T07:28:54Z,No version
numpy,https://github.com/numpy/numpy/issues/19820,2021-09-03T00:04:32Z,No version
numpy,https://github.com/numpy/numpy/issues/19473,2021-07-14T06:02:22Z,No version
numpy,https://github.com/numpy/numpy/issues/19208,2021-06-09T16:46:57Z,No version
numpy,https://github.com/numpy/numpy/issues/18901,2021-05-04T08:38:43Z,No version
numpy,https://github.com/numpy/numpy/issues/18632,2021-03-17T10:13:13Z,No version
numpy,https://github.com/numpy/numpy/issues/18009,2020-12-16T17:24:58Z,No version
numpy,https://github.com/numpy/numpy/issues/17867,2020-11-28T18:36:05Z,No version
numpy,https://github.com/numpy/numpy/issues/15934,2020-04-08T07:45:30Z,No version
numpy,https://github.com/numpy/numpy/issues/15754,2020-03-14T17:17:25Z,No version
numpy,https://github.com/numpy/numpy/issues/15219,2020-01-01T20:16:50Z,No version
numpy,https://github.com/numpy/numpy/issues/14788,2019-10-26T13:44:55Z,No version
numpy,https://github.com/numpy/numpy/issues/14716,2019-10-15T20:49:49Z,No version
numpy,https://github.com/numpy/numpy/issues/14142,2019-07-28T18:43:12Z,No version
numpy,https://github.com/numpy/numpy/issues/13356,2019-04-17T13:17:16Z,No version
numpy,https://github.com/numpy/numpy/issues/13148,2019-03-17T08:59:27Z,No version
numpy,https://github.com/numpy/numpy/issues/12350,2018-11-08T10:48:11Z,No version
numpy,https://github.com/numpy/numpy/issues/11990,2018-09-19T14:25:59Z,No version
