scikit-learn,https://github.com/scikit-learn/scikit-learn/issues/27948,2023-12-12T12:42:12Z,No version
scikit-learn,https://github.com/scikit-learn/scikit-learn/issues/27928,2023-12-10T05:00:33Z,No version
scikit-learn,https://github.com/scikit-learn/scikit-learn/issues/27741,2023-11-07T19:07:23Z,No version
scikit-learn,https://github.com/scikit-learn/scikit-learn/pull/27491,2023-09-28T13:26:35Z,No version
scikit-learn,https://github.com/scikit-learn/scikit-learn/issues/27047,2023-08-10T10:19:27Z,No version
scikit-learn,https://github.com/scikit-learn/scikit-learn/issues/27016,2023-08-04T22:18:48Z,No version
scikit-learn,https://github.com/scikit-learn/scikit-learn/issues/26992,2023-08-02T09:41:49Z,No version
scikit-learn,https://github.com/scikit-learn/scikit-learn/issues/26711,2023-06-27T07:08:20Z,No version
scikit-learn,https://github.com/scikit-learn/scikit-learn/issues/26684,2023-06-23T14:47:32Z,No version
scikit-learn,https://github.com/scikit-learn/scikit-learn/issues/26530,2023-06-07T13:58:14Z,No version
scikit-learn,https://github.com/scikit-learn/scikit-learn/issues/26401,2023-05-19T02:51:59Z,No version
scikit-learn,https://github.com/scikit-learn/scikit-learn/issues/26359,2023-05-12T13:11:59Z,No version
scikit-learn,https://github.com/scikit-learn/scikit-learn/issues/26307,2023-04-30T06:58:39Z,No version
scikit-learn,https://github.com/scikit-learn/scikit-learn/pull/26266,2023-04-23T21:54:26Z,No version
scikit-learn,https://github.com/scikit-learn/scikit-learn/issues/26148,2023-04-11T16:36:07Z,No version
scikit-learn,https://github.com/scikit-learn/scikit-learn/issues/26140,2023-04-10T22:29:00Z,No version
scikit-learn,https://github.com/scikit-learn/scikit-learn/issues/25750,2023-03-03T01:20:51Z,No version
scikit-learn,https://github.com/scikit-learn/scikit-learn/issues/25631,2023-02-17T14:45:57Z,No version
scikit-learn,https://github.com/scikit-learn/scikit-learn/pull/25462,2023-01-23T19:47:54Z,No version
scikit-learn,https://github.com/scikit-learn/scikit-learn/issues/25452,2023-01-22T09:35:30Z,No version
scikit-learn,https://github.com/scikit-learn/scikit-learn/issues/25380,2023-01-12T19:40:35Z,No version
scikit-learn,https://github.com/scikit-learn/scikit-learn/issues/25319,2023-01-06T17:56:29Z,No version
scikit-learn,https://github.com/scikit-learn/scikit-learn/issues/25258,2022-12-30T11:58:46Z,No version
scikit-learn,https://github.com/scikit-learn/scikit-learn/issues/25198,2022-12-16T14:53:20Z,No version
scikit-learn,https://github.com/scikit-learn/scikit-learn/issues/25038,2022-11-25T10:00:12Z,No version
scikit-learn,https://github.com/scikit-learn/scikit-learn/issues/24381,2022-09-07T05:47:42Z,No version
scikit-learn,https://github.com/scikit-learn/scikit-learn/issues/23890,2022-07-12T23:27:05Z,No version
scikit-learn,https://github.com/scikit-learn/scikit-learn/issues/23779,2022-06-28T12:39:29Z,No version
scikit-learn,https://github.com/scikit-learn/scikit-learn/pull/23589,2022-06-11T06:30:08Z,No version
scikit-learn,https://github.com/scikit-learn/scikit-learn/issues/23574,2022-06-09T16:13:07Z,No version
scikit-learn,https://github.com/scikit-learn/scikit-learn/issues/23323,2022-05-10T16:04:11Z,No version
scikit-learn,https://github.com/scikit-learn/scikit-learn/issues/23319,2022-05-10T09:40:28Z,No version
scikit-learn,https://github.com/scikit-learn/scikit-learn/issues/23107,2022-04-11T11:15:18Z,No version
scikit-learn,https://github.com/scikit-learn/scikit-learn/pull/23031,2022-04-02T21:57:32Z,No version
scikit-learn,https://github.com/scikit-learn/scikit-learn/issues/22349,2022-01-31T16:11:12Z,No version
scikit-learn,https://github.com/scikit-learn/scikit-learn/issues/21876,2021-12-04T13:01:48Z,No version
scikit-learn,https://github.com/scikit-learn/scikit-learn/issues/21818,2021-11-29T15:56:53Z,No version
scikit-learn,https://github.com/scikit-learn/scikit-learn/issues/21599,2021-11-08T16:31:24Z,No version
scikit-learn,https://github.com/scikit-learn/scikit-learn/issues/21274,2021-10-07T20:36:58Z,No version
scikit-learn,https://github.com/scikit-learn/scikit-learn/issues/21207,2021-09-30T21:51:08Z,No version
scikit-learn,https://github.com/scikit-learn/scikit-learn/issues/20640,2021-07-31T08:36:42Z,No version
scikit-learn,https://github.com/scikit-learn/scikit-learn/pull/19731,2021-03-19T18:50:53Z,No version
scikit-learn,https://github.com/scikit-learn/scikit-learn/pull/19630,2021-03-06T19:16:08Z,No version
scikit-learn,https://github.com/scikit-learn/scikit-learn/issues/19614,2021-03-04T10:34:45Z,No version
scikit-learn,https://github.com/scikit-learn/scikit-learn/issues/19433,2021-02-11T09:10:52Z,No version
scikit-learn,https://github.com/scikit-learn/scikit-learn/issues/19416,2021-02-09T18:44:32Z,No version
scikit-learn,https://github.com/scikit-learn/scikit-learn/issues/18671,2020-10-22T09:21:05Z,No version
scikit-learn,https://github.com/scikit-learn/scikit-learn/issues/18187,2020-08-18T16:15:05Z,No version
scikit-learn,https://github.com/scikit-learn/scikit-learn/issues/17978,2020-07-23T16:37:57Z,No version
scikit-learn,https://github.com/scikit-learn/scikit-learn/issues/17960,2020-07-20T20:40:21Z,No version
scikit-learn,https://github.com/scikit-learn/scikit-learn/issues/17951,2020-07-20T07:06:28Z,No version
scikit-learn,https://github.com/scikit-learn/scikit-learn/issues/17543,2020-06-09T10:37:41Z,No version
scikit-learn,https://github.com/scikit-learn/scikit-learn/issues/17292,2020-05-20T15:19:04Z,No version
scikit-learn,https://github.com/scikit-learn/scikit-learn/issues/16658,2020-03-09T02:57:41Z,No version
scikit-learn,https://github.com/scikit-learn/scikit-learn/issues/16398,2020-02-06T10:32:26Z,No version
scikit-learn,https://github.com/scikit-learn/scikit-learn/pull/16236,2020-01-26T09:01:08Z,No version
scikit-learn,https://github.com/scikit-learn/scikit-learn/issues/15801,2019-12-05T16:19:44Z,No version
scikit-learn,https://github.com/scikit-learn/scikit-learn/issues/14997,2019-09-16T15:44:36Z,No version
scikit-learn,https://github.com/scikit-learn/scikit-learn/issues/14829,2019-08-28T07:29:41Z,No version
scikit-learn,https://github.com/scikit-learn/scikit-learn/issues/14338,2019-07-13T19:15:48Z,No version
scikit-learn,https://github.com/scikit-learn/scikit-learn/issues/14328,2019-07-13T16:27:32Z,No version
scikit-learn,https://github.com/scikit-learn/scikit-learn/issues/14124,2019-06-19T10:49:30Z,No version
scikit-learn,https://github.com/scikit-learn/scikit-learn/issues/14104,2019-06-17T08:19:19Z,No version
scikit-learn,https://github.com/scikit-learn/scikit-learn/issues/13923,2019-05-22T09:51:45Z,No version
scikit-learn,https://github.com/scikit-learn/scikit-learn/issues/13043,2019-01-24T18:14:04Z,No version
scikit-learn,https://github.com/scikit-learn/scikit-learn/issues/12985,2019-01-15T15:09:09Z,No version
scikit-learn,https://github.com/scikit-learn/scikit-learn/issues/12956,2019-01-11T16:02:28Z,No version
scikit-learn,https://github.com/scikit-learn/scikit-learn/issues/12947,2019-01-10T00:48:02Z,No version
scikit-learn,https://github.com/scikit-learn/scikit-learn/issues/12939,2019-01-08T10:05:19Z,No version
scikit-learn,https://github.com/scikit-learn/scikit-learn/issues/12468,2018-10-26T16:50:44Z,No version
scikit-learn,https://github.com/scikit-learn/scikit-learn/issues/12228,2018-09-30T13:42:49Z,No version
scikit-learn,https://github.com/scikit-learn/scikit-learn/issues/12189,2018-09-28T10:35:11Z,No version
scikit-learn,https://github.com/scikit-learn/scikit-learn/issues/11777,2018-08-07T20:48:34Z,No version
scikit-learn,https://github.com/scikit-learn/scikit-learn/pull/11589,2018-07-17T12:30:57Z,No version
scikit-learn,https://github.com/scikit-learn/scikit-learn/issues/11528,2018-07-15T16:23:17Z,No version
scikit-learn,https://github.com/scikit-learn/scikit-learn/issues/11435,2018-07-05T02:28:34Z,No version
scikit-learn,https://github.com/scikit-learn/scikit-learn/issues/11395,2018-06-30T21:19:10Z,No version
scikit-learn,https://github.com/scikit-learn/scikit-learn/issues/11331,2018-06-20T21:15:39Z,No version
scikit-learn,https://github.com/scikit-learn/scikit-learn/issues/10767,2018-03-07T08:45:25Z,No version
scikit-learn,https://github.com/scikit-learn/scikit-learn/issues/10573,2018-02-02T08:00:53Z,No version
scikit-learn,https://github.com/scikit-learn/scikit-learn/issues/10236,2017-12-01T09:13:34Z,No version
scikit-learn,https://github.com/scikit-learn/scikit-learn/issues/10158,2017-11-16T22:26:02Z,No version
scikit-learn,https://github.com/scikit-learn/scikit-learn/issues/9722,2017-09-09T21:05:59Z,No version
scikit-learn,https://github.com/scikit-learn/scikit-learn/issues/9603,2017-08-22T03:48:20Z,No version
scikit-learn,https://github.com/scikit-learn/scikit-learn/issues/9360,2017-07-14T19:04:38Z,No version
scikit-learn,https://github.com/scikit-learn/scikit-learn/pull/9334,2017-07-12T05:59:11Z,No version
scikit-learn,https://github.com/scikit-learn/scikit-learn/pull/9059,2017-06-08T12:51:49Z,No version
scikit-learn,https://github.com/scikit-learn/scikit-learn/issues/8943,2017-05-27T21:22:58Z,No version
scikit-learn,https://github.com/scikit-learn/scikit-learn/issues/8809,2017-04-29T13:45:31Z,No version
scikit-learn,https://github.com/scikit-learn/scikit-learn/issues/8730,2017-04-12T00:03:34Z,No version
scikit-learn,https://github.com/scikit-learn/scikit-learn/pull/8350,2017-02-13T17:11:11Z,No version
scikit-learn,https://github.com/scikit-learn/scikit-learn/issues/7188,2016-08-13T19:35:54Z,No version
scikit-learn,https://github.com/scikit-learn/scikit-learn/issues/5685,2015-11-02T19:08:26Z,No version
scikit-learn,https://github.com/scikit-learn/scikit-learn/issues/5614,2015-10-29T04:21:39Z,No version
scikit-learn,https://github.com/scikit-learn/scikit-learn/issues/5609,2015-10-28T12:45:14Z,No version
scikit-learn,https://github.com/scikit-learn/scikit-learn/issues/5602,2015-10-27T08:59:52Z,No version
scikit-learn,https://github.com/scikit-learn/scikit-learn/issues/5327,2015-09-29T09:59:42Z,No version
scikit-learn,https://github.com/scikit-learn/scikit-learn/issues/5150,2015-08-24T22:24:24Z,No version
scikit-learn,https://github.com/scikit-learn/scikit-learn/issues/4780,2015-05-27T17:38:16Z,No version
scikit-learn,https://github.com/scikit-learn/scikit-learn/issues/4757,2015-05-21T19:53:57Z,No version
scikit-learn,https://github.com/scikit-learn/scikit-learn/pull/4522,2015-04-05T20:22:32Z,No version
scikit-learn,https://github.com/scikit-learn/scikit-learn/issues/4134,2015-01-20T22:28:33Z,No version
scikit-learn,https://github.com/scikit-learn/scikit-learn/pull/3739,2014-10-06T09:19:46Z,No version
scikit-learn,https://github.com/scikit-learn/scikit-learn/issues/2735,2014-01-09T15:24:40Z,No version
