mxnet,https://github.com/apache/mxnet/issues/21085,2022-07-02T14:40:39Z,No version
mxnet,https://github.com/apache/mxnet/issues/20959,2022-03-14T18:29:39Z,No version
mxnet,https://github.com/apache/mxnet/issues/20687,2021-10-21T13:34:24Z,No version
mxnet,https://github.com/apache/mxnet/issues/20315,2021-05-27T01:04:49Z,No version
mxnet,https://github.com/apache/mxnet/issues/20280,2021-05-19T08:28:51Z,No version
mxnet,https://github.com/apache/mxnet/issues/20256,2021-05-11T01:37:43Z,No version
mxnet,https://github.com/apache/mxnet/issues/20159,2021-04-13T07:34:39Z,No version
mxnet,https://github.com/apache/mxnet/pull/20043,2021-03-18T18:09:15Z,No version
mxnet,https://github.com/apache/mxnet/issues/19991,2021-03-07T21:13:31Z,No version
mxnet,https://github.com/apache/mxnet/issues/19907,2021-02-17T17:49:11Z,No version
mxnet,https://github.com/apache/mxnet/issues/19841,2021-02-04T16:20:12Z,No version
mxnet,https://github.com/apache/mxnet/issues/19731,2021-01-07T09:20:26Z,No version
mxnet,https://github.com/apache/mxnet/issues/19681,2020-12-16T08:02:41Z,No version
mxnet,https://github.com/apache/mxnet/issues/19498,2020-11-09T06:39:08Z,No version
mxnet,https://github.com/apache/mxnet/issues/19420,2020-10-23T23:05:59Z,No version
mxnet,https://github.com/apache/mxnet/issues/19343,2020-10-13T10:17:21Z,No version
mxnet,https://github.com/apache/mxnet/issues/19252,2020-09-29T19:06:24Z,No version
mxnet,https://github.com/apache/mxnet/issues/19159,2020-09-16T07:36:25Z,No version
mxnet,https://github.com/apache/mxnet/issues/19155,2020-09-15T21:02:03Z,No version
mxnet,https://github.com/apache/mxnet/issues/19133,2020-09-13T06:03:19Z,No version
mxnet,https://github.com/apache/mxnet/issues/19052,2020-08-31T13:31:28Z,No version
mxnet,https://github.com/apache/mxnet/issues/19019,2020-08-26T17:52:31Z,No version
mxnet,https://github.com/apache/mxnet/issues/18985,2020-08-23T02:16:25Z,No version
mxnet,https://github.com/apache/mxnet/issues/18931,2020-08-15T00:51:07Z,No version
mxnet,https://github.com/apache/mxnet/issues/18896,2020-08-10T21:16:49Z,No version
mxnet,https://github.com/apache/mxnet/issues/18743,2020-07-17T03:46:20Z,No version
mxnet,https://github.com/apache/mxnet/issues/18697,2020-07-12T18:46:53Z,No version
mxnet,https://github.com/apache/mxnet/issues/18564,2020-06-15T18:46:28Z,No version
mxnet,https://github.com/apache/mxnet/issues/18280,2020-05-11T19:45:45Z,No version
mxnet,https://github.com/apache/mxnet/issues/18265,2020-05-09T03:08:23Z,No version
mxnet,https://github.com/apache/mxnet/issues/17960,2020-04-02T18:04:06Z,No version
mxnet,https://github.com/apache/mxnet/issues/17665,2020-02-24T02:41:20Z,No version
mxnet,https://github.com/apache/mxnet/issues/17653,2020-02-21T14:58:54Z,No version
mxnet,https://github.com/apache/mxnet/issues/17507,2020-02-02T18:08:47Z,No version
mxnet,https://github.com/apache/mxnet/issues/17439,2020-01-25T06:26:59Z,No version
mxnet,https://github.com/apache/mxnet/issues/17394,2020-01-21T09:43:05Z,No version
mxnet,https://github.com/apache/mxnet/issues/17335,2020-01-16T00:21:29Z,No version
mxnet,https://github.com/apache/mxnet/issues/17250,2020-01-08T09:36:15Z,No version
mxnet,https://github.com/apache/mxnet/issues/17231,2020-01-07T00:07:35Z,No version
mxnet,https://github.com/apache/mxnet/issues/17145,2019-12-22T17:29:19Z,No version
mxnet,https://github.com/apache/mxnet/issues/17125,2019-12-19T16:49:32Z,No version
mxnet,https://github.com/apache/mxnet/issues/16803,2019-11-13T13:14:05Z,No version
mxnet,https://github.com/apache/mxnet/issues/16539,2019-10-18T23:42:35Z,No version
mxnet,https://github.com/apache/mxnet/pull/16218,2019-09-19T22:20:22Z,No version
mxnet,https://github.com/apache/mxnet/issues/15974,2019-08-22T15:56:49Z,No version
mxnet,https://github.com/apache/mxnet/issues/15738,2019-08-02T18:43:00Z,No version
mxnet,https://github.com/apache/mxnet/issues/14975,2019-05-16T20:23:07Z,No version
mxnet,https://github.com/apache/mxnet/issues/14888,2019-05-06T06:00:10Z,No version
mxnet,https://github.com/apache/mxnet/issues/14751,2019-04-20T11:07:53Z,No version
mxnet,https://github.com/apache/mxnet/issues/14664,2019-04-10T14:47:10Z,No version
mxnet,https://github.com/apache/mxnet/issues/14522,2019-03-26T07:07:31Z,No version
mxnet,https://github.com/apache/mxnet/issues/14430,2019-03-14T15:06:12Z,No version
mxnet,https://github.com/apache/mxnet/issues/14373,2019-03-08T23:51:48Z,No version
mxnet,https://github.com/apache/mxnet/issues/14340,2019-03-06T01:44:40Z,No version
mxnet,https://github.com/apache/mxnet/issues/14183,2019-02-17T00:14:37Z,No version
mxnet,https://github.com/apache/mxnet/issues/14087,2019-02-07T13:42:30Z,No version
mxnet,https://github.com/apache/mxnet/pull/13735,2018-12-27T08:41:10Z,No version
mxnet,https://github.com/apache/mxnet/pull/13715,2018-12-21T17:18:24Z,No version
mxnet,https://github.com/apache/mxnet/issues/13161,2018-11-07T18:59:15Z,No version
mxnet,https://github.com/apache/mxnet/issues/12842,2018-10-16T23:02:31Z,No version
mxnet,https://github.com/apache/mxnet/issues/12126,2018-08-10T18:18:17Z,No version
mxnet,https://github.com/apache/mxnet/issues/11323,2018-06-18T04:38:59Z,No version
mxnet,https://github.com/apache/mxnet/issues/10837,2018-05-07T19:07:39Z,No version
mxnet,https://github.com/apache/mxnet/issues/10579,2018-04-17T07:24:31Z,No version
mxnet,https://github.com/apache/mxnet/issues/10141,2018-03-17T01:10:23Z,No version
mxnet,https://github.com/apache/mxnet/issues/10045,2018-03-09T00:18:03Z,No version
mxnet,https://github.com/apache/mxnet/issues/9914,2018-02-28T06:55:59Z,No version
mxnet,https://github.com/apache/mxnet/issues/9612,2018-01-29T04:13:33Z,No version
mxnet,https://github.com/apache/mxnet/issues/8871,2017-11-29T16:40:44Z,No version
mxnet,https://github.com/apache/mxnet/issues/7934,2017-09-18T16:22:34Z,No version
mxnet,https://github.com/apache/mxnet/issues/2919,2016-08-04T00:12:00Z,No version
