jax,https://github.com/google/jax/issues/18408,2023-11-06T17:13:21Z,No version
jax,https://github.com/google/jax/issues/16679,2023-07-11T07:33:00Z,No version
jax,https://github.com/google/jax/issues/16504,2023-06-21T11:50:22Z,No version
jax,https://github.com/google/jax/issues/16107,2023-05-24T08:08:26Z,No version
jax,https://github.com/google/jax/issues/15281,2023-03-29T03:25:59Z,No version
jax,https://github.com/google/jax/issues/14934,2023-03-11T22:25:16Z,No version
jax,https://github.com/google/jax/issues/13923,2023-01-09T13:31:56Z,No version
jax,https://github.com/google/jax/issues/13801,2022-12-27T13:08:34Z,No version
jax,https://github.com/google/jax/issues/13800,2022-12-27T04:07:21Z,No version
jax,https://github.com/google/jax/issues/13684,2022-12-16T17:52:12Z,No version
jax,https://github.com/google/jax/issues/13409,2022-11-26T01:59:01Z,No version
jax,https://github.com/google/jax/issues/12629,2022-10-03T16:14:13Z,No version
jax,https://github.com/google/jax/issues/11357,2022-07-03T13:09:41Z,No version
jax,https://github.com/google/jax/issues/11319,2022-06-30T09:27:33Z,No version
jax,https://github.com/google/jax/issues/11007,2022-06-07T05:08:43Z,No version
jax,https://github.com/google/jax/issues/9132,2022-01-07T21:18:18Z,No version
jax,https://github.com/google/jax/issues/8409,2021-10-30T20:38:17Z,No version
jax,https://github.com/google/jax/issues/7622,2021-08-13T16:26:16Z,No version
jax,https://github.com/google/jax/issues/5861,2021-02-26T13:47:26Z,No version
jax,https://github.com/google/jax/issues/5461,2021-01-19T01:19:52Z,No version
jax,https://github.com/google/jax/issues/5179,2020-12-12T18:06:40Z,No version
jax,https://github.com/google/jax/issues/3847,2020-07-24T10:45:46Z,No version
jax,https://github.com/google/jax/issues/2664,2020-04-09T19:40:00Z,No version
jax,https://github.com/google/jax/issues/2491,2020-03-23T14:22:59Z,No version
jax,https://github.com/google/jax/issues/2303,2020-02-24T21:38:48Z,No version
jax,https://github.com/google/jax/issues/1539,2019-10-21T12:54:11Z,No version
jax,https://github.com/google/jax/issues/1222,2019-08-21T14:43:06Z,No version
jax,https://github.com/google/jax/issues/993,2019-07-08T14:22:58Z,No version
jax,https://github.com/google/jax/issues/282,2019-01-27T16:13:48Z,No version
jax,https://github.com/google/jax/issues/278,2019-01-26T09:09:00Z,No version
