pytorch,https://github.com/pytorch/pytorch/issues/116320,2023-12-22T09:16:23Z,No version
pytorch,https://github.com/pytorch/pytorch/issues/116289,2023-12-21T18:28:57Z,No version
pytorch,https://github.com/pytorch/pytorch/issues/116242,2023-12-21T04:42:30Z,PyTorch version: N/A
pytorch,https://github.com/pytorch/pytorch/issues/116182,2023-12-20T10:30:00Z,No version
pytorch,https://github.com/pytorch/pytorch/issues/116177,2023-12-20T07:23:50Z,PyTorch version: 1.11.0+cu113
pytorch,https://github.com/pytorch/pytorch/issues/116096,2023-12-19T12:50:34Z,PyTorch version: 2.1.2+cu121
pytorch,https://github.com/pytorch/pytorch/issues/115644,2023-12-12T17:52:27Z,No version
pytorch,https://github.com/pytorch/pytorch/issues/115498,2023-12-10T07:39:59Z,No version
pytorch,https://github.com/pytorch/pytorch/issues/115388,2023-12-07T23:01:16Z,No version
pytorch,https://github.com/pytorch/pytorch/issues/115344,2023-12-07T13:32:11Z,PyTorch version: 2.2.0.dev20231206+cu121
pytorch,https://github.com/pytorch/pytorch/issues/115261,2023-12-06T13:41:13Z,No version
pytorch,https://github.com/pytorch/pytorch/issues/115255,2023-12-06T10:00:49Z,PyTorch version: 2.1.0+cu121
pytorch,https://github.com/pytorch/pytorch/issues/115077,2023-12-04T16:20:21Z,No version
pytorch,https://github.com/pytorch/pytorch/issues/114949,2023-12-01T12:18:13Z,No version
pytorch,https://github.com/pytorch/pytorch/issues/114943,2023-12-01T10:24:55Z,PyTorch version: 2.1.0+cu121
pytorch,https://github.com/pytorch/pytorch/issues/114437,2023-11-23T03:04:15Z,No version
pytorch,https://github.com/pytorch/pytorch/issues/114188,2023-11-20T23:38:35Z,No version
pytorch,https://github.com/pytorch/pytorch/issues/114090,2023-11-20T02:26:16Z,No version
pytorch,https://github.com/pytorch/pytorch/issues/114044,2023-11-19T02:48:24Z,No version
pytorch,https://github.com/pytorch/pytorch/issues/113788,2023-11-15T19:03:14Z,No version
pytorch,https://github.com/pytorch/pytorch/issues/113786,2023-11-15T19:00:43Z,No version
pytorch,https://github.com/pytorch/pytorch/issues/113776,2023-11-15T17:44:50Z,No version
pytorch,https://github.com/pytorch/pytorch/issues/113623,2023-11-14T06:17:15Z,No version
pytorch,https://github.com/pytorch/pytorch/issues/113449,2023-11-10T15:50:39Z,PyTorch version: 2.0.1+cu117
pytorch,https://github.com/pytorch/pytorch/issues/113444,2023-11-10T13:53:18Z,No version
pytorch,https://github.com/pytorch/pytorch/issues/113408,2023-11-10T01:59:44Z,No version
pytorch,https://github.com/pytorch/pytorch/issues/113128,2023-11-07T05:37:43Z,No version
pytorch,https://github.com/pytorch/pytorch/issues/112881,2023-11-03T17:58:39Z,No version
pytorch,https://github.com/pytorch/pytorch/issues/112844,2023-11-03T11:06:39Z,No version
pytorch,https://github.com/pytorch/pytorch/issues/112577,2023-11-01T11:00:42Z,No version
pytorch,https://github.com/pytorch/pytorch/issues/112491,2023-10-31T11:16:34Z,No version
pytorch,https://github.com/pytorch/pytorch/issues/112340,2023-10-29T12:42:20Z,PyTorch version: 2.1.0+cu121
pytorch,https://github.com/pytorch/pytorch/issues/112136,2023-10-26T07:16:55Z,PyTorch version: 2.1.0
pytorch,https://github.com/pytorch/pytorch/issues/111900,2023-10-24T07:47:04Z,PyTorch version: 2.2.0.dev20231012+cu118
pytorch,https://github.com/pytorch/pytorch/issues/111794,2023-10-23T10:52:58Z,No version
pytorch,https://github.com/pytorch/pytorch/issues/111509,2023-10-18T21:16:16Z,No version
pytorch,https://github.com/pytorch/pytorch/issues/111456,2023-10-18T03:46:51Z,PyTorch version: 2.1.0+cu121
pytorch,https://github.com/pytorch/pytorch/issues/111363,2023-10-16T09:41:01Z,No version
pytorch,https://github.com/pytorch/pytorch/issues/111349,2023-10-16T02:47:22Z,No version
pytorch,https://github.com/pytorch/pytorch/issues/111082,2023-10-11T20:35:15Z,No version
pytorch,https://github.com/pytorch/pytorch/issues/110810,2023-10-08T05:08:13Z,No version
pytorch,https://github.com/pytorch/pytorch/issues/110701,2023-10-06T12:32:03Z,No version
pytorch,https://github.com/pytorch/pytorch/issues/110525,2023-10-04T15:27:09Z,No version
pytorch,https://github.com/pytorch/pytorch/issues/110479,2023-10-03T22:11:55Z,PyTorch version: 2.0.1
pytorch,https://github.com/pytorch/pytorch/issues/109856,2023-09-22T03:23:53Z,No version
pytorch,https://github.com/pytorch/pytorch/issues/109652,2023-09-19T21:49:44Z,No version
pytorch,https://github.com/pytorch/pytorch/issues/109193,2023-09-13T11:10:21Z,No version
pytorch,https://github.com/pytorch/pytorch/issues/108934,2023-09-09T03:36:25Z,No version
pytorch,https://github.com/pytorch/pytorch/issues/108882,2023-09-08T18:02:03Z,No version
pytorch,https://github.com/pytorch/pytorch/issues/108022,2023-08-27T08:53:38Z,No version
pytorch,https://github.com/pytorch/pytorch/issues/107693,2023-08-22T13:37:37Z,No version
pytorch,https://github.com/pytorch/pytorch/issues/107663,2023-08-22T05:46:29Z,PyTorch version: 2.1.0.dev20230820+cpu
pytorch,https://github.com/pytorch/pytorch/issues/107627,2023-08-21T20:36:44Z,PyTorch version: N/A
pytorch,https://github.com/pytorch/pytorch/issues/107396,2023-08-17T17:06:18Z,No version
pytorch,https://github.com/pytorch/pytorch/issues/107276,2023-08-16T03:26:12Z,PyTorch version: 2.0.1
pytorch,https://github.com/pytorch/pytorch/issues/106801,2023-08-08T16:03:51Z,PyTorch version: 2.1.0.dev20230726+cu121
pytorch,https://github.com/pytorch/pytorch/issues/106711,2023-08-07T16:01:14Z,PyTorch version: 2.0.1
pytorch,https://github.com/pytorch/pytorch/issues/106549,2023-08-03T15:25:32Z,No version
pytorch,https://github.com/pytorch/pytorch/issues/106467,2023-08-02T16:24:15Z,PyTorch version: 1.13.1
pytorch,https://github.com/pytorch/pytorch/issues/105872,2023-07-24T21:16:19Z,PyTorch version: 2.0.1+cu117
pytorch,https://github.com/pytorch/pytorch/issues/105840,2023-07-24T15:00:59Z,No version
pytorch,https://github.com/pytorch/pytorch/issues/105348,2023-07-17T18:22:36Z,No version
pytorch,https://github.com/pytorch/pytorch/issues/105279,2023-07-15T22:19:55Z,PyTorch version: 2.1.0a0+gitfb376f8
pytorch,https://github.com/pytorch/pytorch/issues/104875,2023-07-10T14:28:32Z,PyTorch version: 2.0.1+cu117
pytorch,https://github.com/pytorch/pytorch/issues/104322,2023-06-28T06:13:44Z,PyTorch version: 2.1.0a0+git803c144
pytorch,https://github.com/pytorch/pytorch/issues/104163,2023-06-25T19:14:06Z,PyTorch version: 2.0.1
pytorch,https://github.com/pytorch/pytorch/issues/104154,2023-06-25T07:52:04Z,No version
pytorch,https://github.com/pytorch/pytorch/issues/104107,2023-06-23T16:21:58Z,PyTorch version: 1.13.0a0+936e930
pytorch,https://github.com/pytorch/pytorch/issues/104041,2023-06-22T13:47:39Z,PyTorch version: 2.0.1
pytorch,https://github.com/pytorch/pytorch/issues/103949,2023-06-21T06:25:05Z,PyTorch version: 2.0.1+cu118
pytorch,https://github.com/pytorch/pytorch/issues/103716,2023-06-15T23:14:13Z,No version
pytorch,https://github.com/pytorch/pytorch/issues/103417,2023-06-12T08:08:53Z,No version
pytorch,https://github.com/pytorch/pytorch/issues/103367,2023-06-10T12:51:42Z,No version
pytorch,https://github.com/pytorch/pytorch/issues/102911,2023-06-03T18:27:22Z,No version
pytorch,https://github.com/pytorch/pytorch/issues/102830,2023-06-02T07:43:17Z,PyTorch version: 2.0.0a0+1767026
pytorch,https://github.com/pytorch/pytorch/issues/102812,2023-06-02T03:21:40Z,PyTorch version: 2.1.0a0+gitd9c8f9a
pytorch,https://github.com/pytorch/pytorch/issues/102533,2023-05-30T14:15:39Z,PyTorch version: 2.0.0+cu117
pytorch,https://github.com/pytorch/pytorch/issues/102360,2023-05-26T08:58:13Z,No version
pytorch,https://github.com/pytorch/pytorch/issues/101801,2023-05-18T15:47:48Z,PyTorch version: N/A
pytorch,https://github.com/pytorch/pytorch/issues/101159,2023-05-11T06:15:29Z,No version
pytorch,https://github.com/pytorch/pytorch/issues/100656,2023-05-04T21:15:44Z,PyTorch version: 2.0.0+rocm5.4.2
pytorch,https://github.com/pytorch/pytorch/issues/100239,2023-04-28T08:55:57Z,No version
pytorch,https://github.com/pytorch/pytorch/issues/100080,2023-04-26T09:43:31Z,No version
pytorch,https://github.com/pytorch/pytorch/issues/99982,2023-04-25T12:46:39Z,PyTorch version: 2.0.0+cu117
pytorch,https://github.com/pytorch/pytorch/issues/99397,2023-04-18T03:39:21Z,No version
pytorch,https://github.com/pytorch/pytorch/issues/99372,2023-04-17T21:51:17Z,PyTorch version: 2.0.0.
pytorch,https://github.com/pytorch/pytorch/issues/99042,2023-04-13T15:37:11Z,PyTorch version: 1.13.1
pytorch,https://github.com/pytorch/pytorch/issues/98002,2023-03-30T18:53:40Z,No version
pytorch,https://github.com/pytorch/pytorch/issues/97847,2023-03-29T01:52:30Z,No version
pytorch,https://github.com/pytorch/pytorch/issues/97693,2023-03-27T19:02:56Z,No version
pytorch,https://github.com/pytorch/pytorch/issues/97668,2023-03-27T13:54:17Z,No version
pytorch,https://github.com/pytorch/pytorch/issues/96883,2023-03-15T20:06:24Z,No version
pytorch,https://github.com/pytorch/pytorch/issues/96686,2023-03-13T21:10:32Z,No version
pytorch,https://github.com/pytorch/pytorch/issues/96617,2023-03-12T10:00:01Z,No version
pytorch,https://github.com/pytorch/pytorch/issues/96153,2023-03-07T00:07:43Z,No version
pytorch,https://github.com/pytorch/pytorch/issues/95604,2023-02-27T09:22:52Z,No version
pytorch,https://github.com/pytorch/pytorch/issues/95562,2023-02-25T20:56:29Z,No version
pytorch,https://github.com/pytorch/pytorch/issues/95432,2023-02-24T01:47:35Z,No version
pytorch,https://github.com/pytorch/pytorch/issues/95207,2023-02-21T13:52:13Z,PyTorch version: 2.0.0a0+git900db22
pytorch,https://github.com/pytorch/pytorch/issues/95194,2023-02-21T09:18:15Z,No version
pytorch,https://github.com/pytorch/pytorch/issues/95169,2023-02-20T16:08:54Z,No version
pytorch,https://github.com/pytorch/pytorch/issues/95058,2023-02-17T13:11:04Z,PyTorch version: 1.12.1+cu113
pytorch,https://github.com/pytorch/pytorch/issues/95024,2023-02-17T02:52:23Z,PyTorch version: 1.13.1+cu117
pytorch,https://github.com/pytorch/pytorch/issues/94966,2023-02-16T05:14:28Z,PyTorch version: 2.0.0.dev20230213+cu117
pytorch,https://github.com/pytorch/pytorch/issues/94675,2023-02-11T15:23:16Z,No version
pytorch,https://github.com/pytorch/pytorch/issues/94511,2023-02-09T14:35:11Z,No version
pytorch,https://github.com/pytorch/pytorch/issues/94294,2023-02-07T09:39:08Z,No version
pytorch,https://github.com/pytorch/pytorch/issues/93884,2023-02-01T21:01:23Z,No version
pytorch,https://github.com/pytorch/pytorch/issues/93394,2023-01-31T20:43:13Z,PyTorch version: 2.0.0a0+git5876d91
pytorch,https://github.com/pytorch/pytorch/issues/93378,2023-01-31T17:26:12Z,PyTorch version: 2.0.0a0+git5876d91
pytorch,https://github.com/pytorch/pytorch/issues/93311,2023-01-30T23:01:42Z,No version
pytorch,https://github.com/pytorch/pytorch/issues/93227,2023-01-29T18:19:35Z,No version
pytorch,https://github.com/pytorch/pytorch/issues/92794,2023-01-23T03:01:16Z,No version
pytorch,https://github.com/pytorch/pytorch/issues/92542,2023-01-18T13:01:02Z,No version
pytorch,https://github.com/pytorch/pytorch/issues/92250,2023-01-16T14:27:19Z,PyTorch version: 1.13.1
pytorch,https://github.com/pytorch/pytorch/issues/93502,2023-01-10T18:52:14Z,No version
pytorch,https://github.com/pytorch/pytorch/issues/91958,2023-01-10T13:14:07Z,PyTorch version: 1.13.1+cu117
pytorch,https://github.com/pytorch/pytorch/issues/91754,2023-01-05T05:44:39Z,No version
pytorch,https://github.com/pytorch/pytorch/issues/91713,2023-01-04T17:55:05Z,PyTorch version: 2.0.0.dev20230102+cu117
pytorch,https://github.com/pytorch/pytorch/issues/91678,2023-01-04T02:48:39Z,No version
pytorch,https://github.com/pytorch/pytorch/issues/91653,2023-01-03T19:50:56Z,PyTorch version: 1.13.0
pytorch,https://github.com/pytorch/pytorch/issues/91633,2023-01-03T15:47:18Z,No version
pytorch,https://github.com/pytorch/pytorch/issues/91368,2022-12-23T21:24:25Z,PyTorch version: 1.13.0
pytorch,https://github.com/pytorch/pytorch/issues/91363,2022-12-23T16:24:52Z,No version
pytorch,https://github.com/pytorch/pytorch/issues/91165,2022-12-20T10:49:54Z,PyTorch version: 1.14.0.dev20221117+cu117
pytorch,https://github.com/pytorch/pytorch/issues/91072,2022-12-18T05:08:31Z,PyTorch version: 1.13.0+cu116
pytorch,https://github.com/pytorch/pytorch/issues/90848,2022-12-14T17:28:54Z,No version
pytorch,https://github.com/pytorch/pytorch/issues/90793,2022-12-13T20:58:39Z,PyTorch version: 1.12.1+cu113
pytorch,https://github.com/pytorch/pytorch/issues/90521,2022-12-09T02:46:16Z,PyTorch version: 1.12.1+cu116
pytorch,https://github.com/pytorch/pytorch/issues/90373,2022-12-07T10:06:35Z,PyTorch version: 1.13.0
pytorch,https://github.com/pytorch/pytorch/issues/90301,2022-12-06T18:00:49Z,PyTorch version: 1.13.0
pytorch,https://github.com/pytorch/pytorch/issues/90057,2022-12-02T13:12:54Z,No version
pytorch,https://github.com/pytorch/pytorch/issues/89835,2022-11-29T11:53:40Z,No version
pytorch,https://github.com/pytorch/pytorch/issues/89601,2022-11-23T23:14:48Z,No version
pytorch,https://github.com/pytorch/pytorch/issues/89546,2022-11-23T04:20:23Z,PyTorch version: 1.14.0.dev20221027
pytorch,https://github.com/pytorch/pytorch/issues/89490,2022-11-22T08:21:37Z,No version
pytorch,https://github.com/pytorch/pytorch/issues/89369,2022-11-20T07:39:56Z,No version
pytorch,https://github.com/pytorch/pytorch/issues/89241,2022-11-17T21:40:40Z,No version
pytorch,https://github.com/pytorch/pytorch/issues/89218,2022-11-17T16:57:43Z,PyTorch version: 1.14.0a0+gitbdc9911
pytorch,https://github.com/pytorch/pytorch/issues/89208,2022-11-17T13:50:21Z,PyTorch version: 1.14.0a0+gitbdc9911
pytorch,https://github.com/pytorch/pytorch/issues/89105,2022-11-16T00:57:17Z,PyTorch version: N/A
pytorch,https://github.com/pytorch/pytorch/issues/89080,2022-11-15T19:15:55Z,PyTorch version: 1.13.0
pytorch,https://github.com/pytorch/pytorch/issues/89064,2022-11-15T15:10:43Z,No version
pytorch,https://github.com/pytorch/pytorch/issues/88474,2022-11-04T03:19:18Z,PyTorch version: 1.10.1
pytorch,https://github.com/pytorch/pytorch/issues/88380,2022-11-03T00:14:05Z,PyTorch version: 1.12.1+cu116
pytorch,https://github.com/pytorch/pytorch/issues/88375,2022-11-02T23:20:07Z,No version
pytorch,https://github.com/pytorch/pytorch/issues/88189,2022-11-01T12:33:31Z,No version
pytorch,https://github.com/pytorch/pytorch/issues/88081,2022-10-31T12:27:18Z,PyTorch version: 1.8.1
pytorch,https://github.com/pytorch/pytorch/issues/87794,2022-10-26T16:16:30Z,PyTorch version: 1.11.0
pytorch,https://github.com/pytorch/pytorch/issues/87458,2022-10-21T14:18:03Z,PyTorch version: 1.14.0.dev20221019
pytorch,https://github.com/pytorch/pytorch/issues/87351,2022-10-20T05:47:41Z,No version
pytorch,https://github.com/pytorch/pytorch/issues/87209,2022-10-18T15:50:00Z,PyTorch version: 1.12.1
pytorch,https://github.com/pytorch/pytorch/issues/87090,2022-10-17T16:49:15Z,PyTorch version: 1.12.1
pytorch,https://github.com/pytorch/pytorch/issues/87041,2022-10-16T19:57:31Z,No version
pytorch,https://github.com/pytorch/pytorch/issues/86849,2022-10-12T23:28:55Z,No version
pytorch,https://github.com/pytorch/pytorch/issues/86819,2022-10-12T19:21:40Z,PyTorch version: 1.14.0a0+git97de281
pytorch,https://github.com/pytorch/pytorch/issues/86539,2022-10-09T02:54:55Z,PyTorch version: 1.12.1
pytorch,https://github.com/pytorch/pytorch/issues/86493,2022-10-07T20:57:00Z,PyTorch version: 1.12.1
pytorch,https://github.com/pytorch/pytorch/issues/86465,2022-10-07T17:13:07Z,No version
pytorch,https://github.com/pytorch/pytorch/issues/86351,2022-10-06T05:07:44Z,No version
pytorch,https://github.com/pytorch/pytorch/issues/85773,2022-09-27T23:59:27Z,No version
pytorch,https://github.com/pytorch/pytorch/issues/85698,2022-09-27T11:20:25Z,PyTorch version: 1.10.0+cu113
pytorch,https://github.com/pytorch/pytorch/issues/85660,2022-09-26T21:02:26Z,No version
pytorch,https://github.com/pytorch/pytorch/issues/85538,2022-09-23T09:36:07Z,PyTorch version: 1.9.1+cu111
pytorch,https://github.com/pytorch/pytorch/issues/85127,2022-09-15T23:28:47Z,PyTorch version: 1.12.1+cu116
pytorch,https://github.com/pytorch/pytorch/issues/84831,2022-09-11T01:49:56Z,PyTorch version: 1.13.0.dev20220910
pytorch,https://github.com/pytorch/pytorch/issues/84692,2022-09-08T12:41:08Z,No version
pytorch,https://github.com/pytorch/pytorch/issues/84578,2022-09-06T16:55:43Z,PyTorch version: 1.12.1+cu116
pytorch,https://github.com/pytorch/pytorch/issues/84573,2022-09-06T15:44:31Z,PyTorch version: 1.10.0+cu113
pytorch,https://github.com/pytorch/pytorch/issues/84309,2022-08-30T21:35:48Z,PyTorch version: 1.10.2
pytorch,https://github.com/pytorch/pytorch/issues/84039,2022-08-25T06:25:09Z,PyTorch version: 1.13.0.dev20220824
pytorch,https://github.com/pytorch/pytorch/issues/83968,2022-08-24T08:02:50Z,No version
pytorch,https://github.com/pytorch/pytorch/issues/83015,2022-08-08T19:58:59Z,No version
pytorch,https://github.com/pytorch/pytorch/issues/82894,2022-08-05T17:56:30Z,PyTorch version: 1.13.0a0+gita22ba1e
pytorch,https://github.com/pytorch/pytorch/issues/82813,2022-08-04T12:06:12Z,No version
pytorch,https://github.com/pytorch/pytorch/issues/82802,2022-08-04T06:15:18Z,No version
pytorch,https://github.com/pytorch/pytorch/issues/82627,2022-08-01T23:35:50Z,No version
pytorch,https://github.com/pytorch/pytorch/issues/82293,2022-07-27T03:54:20Z,PyTorch version: 1.13.0.dev20220723+cu116
pytorch,https://github.com/pytorch/pytorch/issues/82218,2022-07-26T13:30:30Z,PyTorch version: 1.12.0
pytorch,https://github.com/pytorch/pytorch/issues/82145,2022-07-25T19:11:55Z,PyTorch version: N/A
pytorch,https://github.com/pytorch/pytorch/issues/82091,2022-07-25T06:54:21Z,PyTorch version: 1.12.0+cu102
pytorch,https://github.com/pytorch/pytorch/issues/82068,2022-07-23T22:02:27Z,No version
pytorch,https://github.com/pytorch/pytorch/issues/81883,2022-07-21T13:56:00Z,No version
pytorch,https://github.com/pytorch/pytorch/issues/81620,2022-07-17T21:43:25Z,PyTorch version: 1.12.0
pytorch,https://github.com/pytorch/pytorch/issues/80942,2022-07-06T08:08:25Z,PyTorch version: 1.12.0+cu113
pytorch,https://github.com/pytorch/pytorch/issues/80167,2022-06-23T19:40:18Z,No version
pytorch,https://github.com/pytorch/pytorch/issues/79853,2022-06-19T22:31:36Z,No version
pytorch,https://github.com/pytorch/pytorch/issues/79851,2022-06-19T22:21:38Z,No version
pytorch,https://github.com/pytorch/pytorch/issues/79383,2022-06-12T18:58:13Z,PyTorch version: 1.13.0.dev20220610
pytorch,https://github.com/pytorch/pytorch/issues/79191,2022-06-09T07:08:12Z,PyTorch version: 1.11.0
pytorch,https://github.com/pytorch/pytorch/issues/79014,2022-06-07T13:09:54Z,PyTorch version: 1.10.0
pytorch,https://github.com/pytorch/pytorch/issues/78884,2022-06-05T03:36:22Z,PyTorch version: 1.11.0+cu113
pytorch,https://github.com/pytorch/pytorch/issues/78754,2022-06-02T20:04:49Z,PyTorch version: 1.13.0.dev20220523+cpu
pytorch,https://github.com/pytorch/pytorch/issues/78047,2022-05-21T20:07:36Z,PyTorch version: 1.11.0+cu115
pytorch,https://github.com/pytorch/pytorch/issues/77844,2022-05-19T10:30:25Z,PyTorch version: 1.11.0
pytorch,https://github.com/pytorch/pytorch/issues/77733,2022-05-18T08:30:33Z,PyTorch version: N/A
pytorch,https://github.com/pytorch/pytorch/issues/77527,2022-05-16T08:24:55Z,PyTorch version: 1.11.0
pytorch,https://github.com/pytorch/pytorch/issues/77374,2022-05-12T21:07:39Z,PyTorch version: 1.11.0
pytorch,https://github.com/pytorch/pytorch/issues/76798,2022-05-04T08:22:17Z,No version
pytorch,https://github.com/pytorch/pytorch/issues/76779,2022-05-04T00:31:34Z,No version
pytorch,https://github.com/pytorch/pytorch/issues/76611,2022-04-30T02:15:26Z,No version
pytorch,https://github.com/pytorch/pytorch/issues/76371,2022-04-26T14:14:43Z,No version
pytorch,https://github.com/pytorch/pytorch/issues/75960,2022-04-18T08:14:00Z,No version
pytorch,https://github.com/pytorch/pytorch/issues/75949,2022-04-17T19:54:01Z,PyTorch version: 1.10.1
pytorch,https://github.com/pytorch/pytorch/issues/75864,2022-04-15T08:51:48Z,No version
pytorch,https://github.com/pytorch/pytorch/issues/75549,2022-04-09T01:52:41Z,PyTorch version: N/A
pytorch,https://github.com/pytorch/pytorch/issues/75504,2022-04-08T09:02:47Z,PyTorch version: 1.11.0
pytorch,https://github.com/pytorch/pytorch/issues/75500,2022-04-08T07:26:46Z,PyTorch version: 1.11.0
pytorch,https://github.com/pytorch/pytorch/issues/75480,2022-04-08T02:16:32Z,No version
pytorch,https://github.com/pytorch/pytorch/issues/75171,2022-04-04T04:31:55Z,PyTorch version: 1.8.2+cu102
pytorch,https://github.com/pytorch/pytorch/issues/74801,2022-03-26T15:17:28Z,No version
pytorch,https://github.com/pytorch/pytorch/issues/74614,2022-03-23T14:08:12Z,No version
pytorch,https://github.com/pytorch/pytorch/issues/74415,2022-03-18T15:02:22Z,No version
pytorch,https://github.com/pytorch/pytorch/issues/74282,2022-03-16T05:40:45Z,No version
pytorch,https://github.com/pytorch/pytorch/issues/74187,2022-03-14T19:52:57Z,No version
pytorch,https://github.com/pytorch/pytorch/issues/73487,2022-02-27T23:35:31Z,PyTorch version: 1.10.2+cu113
pytorch,https://github.com/pytorch/pytorch/issues/73479,2022-02-26T22:22:32Z,No version
pytorch,https://github.com/pytorch/pytorch/issues/72775,2022-02-13T12:31:36Z,PyTorch version: 1.12.0a0+gitc9ccb85
pytorch,https://github.com/pytorch/pytorch/issues/72580,2022-02-09T11:30:40Z,No version
pytorch,https://github.com/pytorch/pytorch/issues/72046,2022-01-30T18:20:04Z,PyTorch version: 1.10.0+cu111
pytorch,https://github.com/pytorch/pytorch/issues/71631,2022-01-21T07:48:49Z,No version
pytorch,https://github.com/pytorch/pytorch/issues/71301,2022-01-14T07:51:21Z,No version
pytorch,https://github.com/pytorch/pytorch/issues/71263,2022-01-13T12:06:29Z,PyTorch version: 1.8.0+cu111
pytorch,https://github.com/pytorch/pytorch/issues/71049,2022-01-08T05:49:44Z,PyTorch version: 1.10.1+cu113
pytorch,https://github.com/pytorch/pytorch/issues/70160,2021-12-18T22:36:44Z,No version
pytorch,https://github.com/pytorch/pytorch/issues/69889,2021-12-14T08:26:20Z,No version
pytorch,https://github.com/pytorch/pytorch/issues/69609,2021-12-08T13:36:18Z,PyTorch version: 1.10.0+cu111
pytorch,https://github.com/pytorch/pytorch/issues/68984,2021-11-29T12:21:55Z,No version
pytorch,https://github.com/pytorch/pytorch/issues/68726,2021-11-22T10:20:41Z,No version
pytorch,https://github.com/pytorch/pytorch/issues/68422,2021-11-16T12:59:49Z,No version
pytorch,https://github.com/pytorch/pytorch/issues/68349,2021-11-15T14:50:51Z,PyTorch version: 1.7.1+cpu
pytorch,https://github.com/pytorch/pytorch/issues/67978,2021-11-08T03:07:27Z,No version
pytorch,https://github.com/pytorch/pytorch/issues/67879,2021-11-04T22:15:46Z,PyTorch version: 1.10.0+cu113
pytorch,https://github.com/pytorch/pytorch/issues/67680,2021-11-02T13:55:04Z,PyTorch version: 1.10.0+cu102
pytorch,https://github.com/pytorch/pytorch/issues/66200,2021-10-06T14:40:29Z,No version
pytorch,https://github.com/pytorch/pytorch/issues/66196,2021-10-06T12:04:51Z,PyTorch version: N/A
pytorch,https://github.com/pytorch/pytorch/issues/65983,2021-10-01T06:10:47Z,No version
pytorch,https://github.com/pytorch/pytorch/issues/65766,2021-09-28T19:20:47Z,PyTorch version: 1.9.1+cu111
pytorch,https://github.com/pytorch/pytorch/issues/65528,2021-09-23T11:05:50Z,PyTorch version: 1.9.1
pytorch,https://github.com/pytorch/pytorch/issues/65301,2021-09-18T17:47:55Z,No version
pytorch,https://github.com/pytorch/pytorch/issues/64097,2021-08-27T17:01:08Z,PyTorch version: 1.9.0+cu102
pytorch,https://github.com/pytorch/pytorch/issues/63079,2021-08-11T13:15:51Z,No version
pytorch,https://github.com/pytorch/pytorch/issues/63069,2021-08-11T04:17:29Z,PyTorch version: 1.9.0+cu111
pytorch,https://github.com/pytorch/pytorch/issues/62926,2021-08-06T21:37:36Z,PyTorch version: N/A
pytorch,https://github.com/pytorch/pytorch/issues/62474,2021-07-30T11:52:47Z,No version
pytorch,https://github.com/pytorch/pytorch/issues/62451,2021-07-30T04:56:40Z,No version
pytorch,https://github.com/pytorch/pytorch/issues/62130,2021-07-23T21:40:01Z,PyTorch version: 1.9.0
pytorch,https://github.com/pytorch/pytorch/issues/61951,2021-07-21T11:28:30Z,No version
pytorch,https://github.com/pytorch/pytorch/issues/61709,2021-07-15T09:46:58Z,No version
pytorch,https://github.com/pytorch/pytorch/issues/61173,2021-07-02T12:07:45Z,PyTorch version: 1.10.0.dev20210630+cu113
pytorch,https://github.com/pytorch/pytorch/issues/61110,2021-07-01T09:48:59Z,No version
pytorch,https://github.com/pytorch/pytorch/issues/60594,2021-06-23T22:28:43Z,PyTorch version: N/A
pytorch,https://github.com/pytorch/pytorch/issues/60277,2021-06-18T17:02:25Z,No version
pytorch,https://github.com/pytorch/pytorch/issues/60081,2021-06-16T07:32:19Z,No version
pytorch,https://github.com/pytorch/pytorch/issues/59936,2021-06-14T12:58:42Z,PyTorch version: 1.8.0a0+56b43f4
pytorch,https://github.com/pytorch/pytorch/issues/59883,2021-06-11T17:47:43Z,PyTorch version: 1.8.1+cu111
pytorch,https://github.com/pytorch/pytorch/issues/59457,2021-06-04T16:38:10Z,PyTorch version: N/A
pytorch,https://github.com/pytorch/pytorch/issues/59263,2021-06-01T21:13:23Z,No version
pytorch,https://github.com/pytorch/pytorch/issues/59153,2021-05-28T16:55:52Z,No version
pytorch,https://github.com/pytorch/pytorch/issues/59140,2021-05-28T07:05:20Z,No version
pytorch,https://github.com/pytorch/pytorch/issues/58172,2021-05-12T19:11:33Z,No version
pytorch,https://github.com/pytorch/pytorch/issues/58155,2021-05-12T16:19:21Z,No version
pytorch,https://github.com/pytorch/pytorch/issues/58054,2021-05-11T16:15:41Z,No version
pytorch,https://github.com/pytorch/pytorch/issues/57921,2021-05-09T18:04:38Z,PyTorch version: 1.7.1
pytorch,https://github.com/pytorch/pytorch/issues/57794,2021-05-07T02:23:34Z,No version
pytorch,https://github.com/pytorch/pytorch/issues/57773,2021-05-06T21:45:41Z,PyTorch version: 1.9.0a0+gitebd2c0a
pytorch,https://github.com/pytorch/pytorch/issues/56747,2021-04-22T23:17:56Z,PyTorch version: N/A
pytorch,https://github.com/pytorch/pytorch/issues/56703,2021-04-22T15:33:19Z,No version
pytorch,https://github.com/pytorch/pytorch/issues/55756,2021-04-11T19:16:53Z,No version
pytorch,https://github.com/pytorch/pytorch/issues/55736,2021-04-10T08:16:35Z,PyTorch version: 1.9.0.dev20210409
pytorch,https://github.com/pytorch/pytorch/issues/55585,2021-04-08T03:18:23Z,No version
pytorch,https://github.com/pytorch/pytorch/issues/55549,2021-04-07T19:55:19Z,PyTorch version: 1.9.0a0+gitd490e01
pytorch,https://github.com/pytorch/pytorch/issues/55366,2021-04-06T10:00:00Z,No version
pytorch,https://github.com/pytorch/pytorch/issues/55297,2021-04-05T06:54:22Z,No version
pytorch,https://github.com/pytorch/pytorch/issues/55296,2021-04-05T06:38:58Z,No version
pytorch,https://github.com/pytorch/pytorch/issues/55277,2021-04-03T16:34:50Z,PyTorch version: 1.8.1+cu111
pytorch,https://github.com/pytorch/pytorch/issues/54975,2021-03-30T18:36:12Z,PyTorch version: 1.9.0.dev20210330+cu111
pytorch,https://github.com/pytorch/pytorch/issues/54971,2021-03-30T17:53:25Z,No version
pytorch,https://github.com/pytorch/pytorch/issues/54578,2021-03-24T07:16:59Z,PyTorch version: 1.8.0+cu111
pytorch,https://github.com/pytorch/pytorch/issues/54307,2021-03-19T05:36:13Z,PyTorch version: 1.8.0+cu111
pytorch,https://github.com/pytorch/pytorch/issues/53758,2021-03-10T22:28:42Z,PyTorch version: 1.7.1
pytorch,https://github.com/pytorch/pytorch/issues/53623,2021-03-09T17:27:10Z,PyTorch version: 1.9.0a0+git34d9278
pytorch,https://github.com/pytorch/pytorch/issues/53473,2021-03-07T10:32:07Z,No version
pytorch,https://github.com/pytorch/pytorch/issues/53442,2021-03-06T06:43:13Z,No version
pytorch,https://github.com/pytorch/pytorch/issues/53405,2021-03-05T20:39:57Z,PyTorch version: 1.8.0
pytorch,https://github.com/pytorch/pytorch/issues/53191,2021-03-03T17:09:43Z,PyTorch version: 1.7.0
pytorch,https://github.com/pytorch/pytorch/issues/52741,2021-02-24T09:57:45Z,No version
pytorch,https://github.com/pytorch/pytorch/issues/52363,2021-02-17T18:23:56Z,No version
pytorch,https://github.com/pytorch/pytorch/issues/52332,2021-02-16T23:57:01Z,No version
pytorch,https://github.com/pytorch/pytorch/issues/52211,2021-02-12T16:32:59Z,PyTorch version: 1.7.1
pytorch,https://github.com/pytorch/pytorch/issues/51872,2021-02-08T14:17:19Z,PyTorch version: 1.7.1
pytorch,https://github.com/pytorch/pytorch/issues/51776,2021-02-05T09:38:51Z,PyTorch version: 1.7.1
pytorch,https://github.com/pytorch/pytorch/issues/50829,2021-01-20T19:13:49Z,No version
pytorch,https://github.com/pytorch/pytorch/issues/50820,2021-01-20T17:28:26Z,No version
pytorch,https://github.com/pytorch/pytorch/issues/50723,2021-01-19T13:06:30Z,No version
pytorch,https://github.com/pytorch/pytorch/issues/50714,2021-01-19T07:54:48Z,No version
pytorch,https://github.com/pytorch/pytorch/issues/50185,2021-01-07T02:27:46Z,PyTorch version: 1.6.0
pytorch,https://github.com/pytorch/pytorch/issues/49536,2020-12-17T09:46:39Z,No version
pytorch,https://github.com/pytorch/pytorch/issues/49477,2020-12-16T18:56:18Z,No version
pytorch,https://github.com/pytorch/pytorch/issues/49460,2020-12-16T15:17:05Z,No version
pytorch,https://github.com/pytorch/pytorch/issues/49459,2020-12-16T13:42:46Z,No version
pytorch,https://github.com/pytorch/pytorch/issues/49332,2020-12-14T15:47:04Z,No version
pytorch,https://github.com/pytorch/pytorch/issues/49282,2020-12-12T10:20:39Z,PyTorch version: 1.7.1
pytorch,https://github.com/pytorch/pytorch/issues/48945,2020-12-07T20:07:54Z,PyTorch version: 1.7.0+cu110
pytorch,https://github.com/pytorch/pytorch/issues/48483,2020-11-26T09:47:47Z,No version
pytorch,https://github.com/pytorch/pytorch/issues/48202,2020-11-18T21:13:13Z,No version
pytorch,https://github.com/pytorch/pytorch/issues/47341,2020-11-04T06:41:49Z,PyTorch version: 1.6.0
pytorch,https://github.com/pytorch/pytorch/issues/47217,2020-11-02T19:50:31Z,PyTorch version: 1.7.0
pytorch,https://github.com/pytorch/pytorch/issues/47128,2020-10-30T18:38:28Z,No version
pytorch,https://github.com/pytorch/pytorch/issues/47056,2020-10-29T15:55:44Z,No version
pytorch,https://github.com/pytorch/pytorch/issues/46995,2020-10-28T16:56:08Z,No version
pytorch,https://github.com/pytorch/pytorch/issues/46899,2020-10-27T03:03:27Z,No version
pytorch,https://github.com/pytorch/pytorch/issues/46820,2020-10-25T13:29:37Z,No version
pytorch,https://github.com/pytorch/pytorch/issues/46807,2020-10-24T06:37:02Z,No version
pytorch,https://github.com/pytorch/pytorch/issues/46386,2020-10-15T09:19:34Z,No version
pytorch,https://github.com/pytorch/pytorch/issues/46155,2020-10-11T10:05:13Z,No version
pytorch,https://github.com/pytorch/pytorch/issues/46084,2020-10-09T08:17:58Z,PyTorch version: 1.6.0
pytorch,https://github.com/pytorch/pytorch/issues/45769,2020-10-02T20:30:31Z,PyTorch version: 1.6.0
pytorch,https://github.com/pytorch/pytorch/issues/45690,2020-10-01T20:00:14Z,No version
pytorch,https://github.com/pytorch/pytorch/issues/45573,2020-09-30T15:57:43Z,No version
pytorch,https://github.com/pytorch/pytorch/issues/45273,2020-09-24T15:33:50Z,PyTorch version: 1.6.0
pytorch,https://github.com/pytorch/pytorch/issues/45198,2020-09-23T10:58:16Z,PyTorch version: 1.6.0
pytorch,https://github.com/pytorch/pytorch/issues/44724,2020-09-15T18:06:47Z,No version
pytorch,https://github.com/pytorch/pytorch/issues/44551,2020-09-11T14:20:19Z,PyTorch version: 1.6.0
pytorch,https://github.com/pytorch/pytorch/issues/44511,2020-09-10T22:11:30Z,No version
pytorch,https://github.com/pytorch/pytorch/issues/43685,2020-08-27T02:33:59Z,PyTorch version: 1.6.0
pytorch,https://github.com/pytorch/pytorch/issues/43579,2020-08-25T21:57:44Z,No version
pytorch,https://github.com/pytorch/pytorch/issues/43402,2020-08-21T12:31:13Z,PyTorch version: 1.6.0
pytorch,https://github.com/pytorch/pytorch/issues/42498,2020-08-03T23:26:13Z,No version
pytorch,https://github.com/pytorch/pytorch/issues/42460,2020-08-03T15:49:26Z,No version
pytorch,https://github.com/pytorch/pytorch/issues/42452,2020-08-03T13:05:45Z,PyTorch version: 1.5.1
pytorch,https://github.com/pytorch/pytorch/issues/42074,2020-07-26T01:48:59Z,PyTorch version: 1.5.0a0+4ff3872
pytorch,https://github.com/pytorch/pytorch/issues/41797,2020-07-21T13:09:13Z,PyTorch version: 1.5.1
pytorch,https://github.com/pytorch/pytorch/issues/41337,2020-07-13T13:24:18Z,PyTorch version: 1.6.0-rc2
pytorch,https://github.com/pytorch/pytorch/issues/41325,2020-07-12T22:44:50Z,No version
pytorch,https://github.com/pytorch/pytorch/issues/41182,2020-07-09T13:23:11Z,PyTorch version: 1.5.1
pytorch,https://github.com/pytorch/pytorch/issues/41128,2020-07-08T17:23:27Z,No version
pytorch,https://github.com/pytorch/pytorch/issues/40967,2020-07-03T15:06:49Z,No version
pytorch,https://github.com/pytorch/pytorch/issues/40581,2020-06-25T19:45:20Z,No version
pytorch,https://github.com/pytorch/pytorch/issues/40492,2020-06-24T05:31:33Z,PyTorch version: 1.5.0
pytorch,https://github.com/pytorch/pytorch/issues/40266,2020-06-19T02:38:39Z,No version
pytorch,https://github.com/pytorch/pytorch/issues/38788,2020-05-20T16:35:33Z,PyTorch version: 1.6.0.dev20200516
