mxnet,https://github.com/apache/mxnet/issues/21165,2023-01-06T10:37:30Z,No version
mxnet,https://github.com/apache/mxnet/issues/21156,2022-12-15T12:24:15Z,No version
mxnet,https://github.com/apache/mxnet/issues/21118,2022-08-09T22:12:08Z,No version
mxnet,https://github.com/apache/mxnet/issues/21085,2022-07-02T14:40:39Z,No version
mxnet,https://github.com/apache/mxnet/issues/20875,2022-02-04T10:22:50Z,No version
mxnet,https://github.com/apache/mxnet/issues/20845,2022-01-25T15:42:46Z,No version
mxnet,https://github.com/apache/mxnet/issues/20824,2022-01-17T12:31:57Z,No version
mxnet,https://github.com/apache/mxnet/issues/20605,2021-09-24T07:25:27Z,No version
mxnet,https://github.com/apache/mxnet/issues/20483,2021-08-03T08:57:36Z,No version
mxnet,https://github.com/apache/mxnet/issues/20411,2021-07-01T14:34:21Z,No version
mxnet,https://github.com/apache/mxnet/issues/20290,2021-05-21T02:46:44Z,No version
mxnet,https://github.com/apache/mxnet/issues/19731,2021-01-07T09:20:26Z,No version
mxnet,https://github.com/apache/mxnet/issues/19681,2020-12-16T08:02:41Z,No version
mxnet,https://github.com/apache/mxnet/issues/19420,2020-10-23T23:05:59Z,No version
mxnet,https://github.com/apache/mxnet/issues/18985,2020-08-23T02:16:25Z,No version
mxnet,https://github.com/apache/mxnet/issues/17981,2020-04-06T14:50:58Z,No version
mxnet,https://github.com/apache/mxnet/issues/17960,2020-04-02T18:04:06Z,No version
mxnet,https://github.com/apache/mxnet/issues/17708,2020-02-27T12:49:37Z,No version
mxnet,https://github.com/apache/mxnet/pull/17699,2020-02-26T23:18:28Z,No version
mxnet,https://github.com/apache/mxnet/issues/17665,2020-02-24T02:41:20Z,No version
mxnet,https://github.com/apache/mxnet/issues/17653,2020-02-21T14:58:54Z,No version
mxnet,https://github.com/apache/mxnet/issues/17411,2020-01-22T23:14:40Z,No version
mxnet,https://github.com/apache/mxnet/issues/17357,2020-01-17T07:05:21Z,No version
mxnet,https://github.com/apache/mxnet/issues/17315,2020-01-15T07:52:41Z,No version
mxnet,https://github.com/apache/mxnet/issues/17260,2020-01-09T13:15:39Z,No version
mxnet,https://github.com/apache/mxnet/issues/17231,2020-01-07T00:07:35Z,No version
mxnet,https://github.com/apache/mxnet/issues/16548,2019-10-19T08:20:39Z,No version
mxnet,https://github.com/apache/mxnet/issues/16539,2019-10-18T23:42:35Z,No version
mxnet,https://github.com/apache/mxnet/issues/16456,2019-10-12T08:04:05Z,No version
mxnet,https://github.com/apache/mxnet/issues/16326,2019-09-28T20:53:55Z,No version
mxnet,https://github.com/apache/mxnet/issues/16310,2019-09-27T23:38:44Z,No version
mxnet,https://github.com/apache/mxnet/issues/16309,2019-09-27T23:35:52Z,No version
mxnet,https://github.com/apache/mxnet/issues/16308,2019-09-27T23:34:21Z,No version
mxnet,https://github.com/apache/mxnet/pull/16218,2019-09-19T22:20:22Z,No version
mxnet,https://github.com/apache/mxnet/issues/15974,2019-08-22T15:56:49Z,No version
mxnet,https://github.com/apache/mxnet/issues/15789,2019-08-08T02:27:55Z,No version
mxnet,https://github.com/apache/mxnet/issues/15110,2019-05-31T04:44:01Z,No version
mxnet,https://github.com/apache/mxnet/issues/14751,2019-04-20T11:07:53Z,No version
mxnet,https://github.com/apache/mxnet/issues/14430,2019-03-14T15:06:12Z,No version
mxnet,https://github.com/apache/mxnet/issues/14373,2019-03-08T23:51:48Z,No version
mxnet,https://github.com/apache/mxnet/issues/14263,2019-02-27T18:24:21Z,No version
mxnet,https://github.com/apache/mxnet/issues/14254,2019-02-26T03:00:15Z,No version
mxnet,https://github.com/apache/mxnet/issues/14183,2019-02-17T00:14:37Z,No version
mxnet,https://github.com/apache/mxnet/issues/14087,2019-02-07T13:42:30Z,No version
mxnet,https://github.com/apache/mxnet/issues/13909,2019-01-16T19:55:37Z,No version
mxnet,https://github.com/apache/mxnet/pull/13735,2018-12-27T08:41:10Z,No version
mxnet,https://github.com/apache/mxnet/issues/13454,2018-11-29T13:47:10Z,No version
mxnet,https://github.com/apache/mxnet/issues/13199,2018-11-09T11:51:55Z,No version
mxnet,https://github.com/apache/mxnet/issues/13161,2018-11-07T18:59:15Z,No version
mxnet,https://github.com/apache/mxnet/issues/13100,2018-11-03T07:36:25Z,No version
mxnet,https://github.com/apache/mxnet/issues/12302,2018-08-23T02:51:40Z,No version
mxnet,https://github.com/apache/mxnet/issues/12021,2018-08-03T07:13:08Z,No version
mxnet,https://github.com/apache/mxnet/issues/10185,2018-03-21T06:53:11Z,No version
mxnet,https://github.com/apache/mxnet/issues/10068,2018-03-11T20:36:35Z,No version
mxnet,https://github.com/apache/mxnet/issues/10045,2018-03-09T00:18:03Z,No version
mxnet,https://github.com/apache/mxnet/issues/10004,2018-03-06T12:40:01Z,No version
mxnet,https://github.com/apache/mxnet/issues/9612,2018-01-29T04:13:33Z,No version
mxnet,https://github.com/apache/mxnet/issues/5079,2017-02-20T20:54:45Z,No version
