pandas,https://github.com/pandas-dev/pandas/issues/56379,2023-12-07T18:00:49Z,No version
pandas,https://github.com/pandas-dev/pandas/issues/56226,2023-11-28T16:45:53Z,No version
pandas,https://github.com/pandas-dev/pandas/issues/55990,2023-11-16T11:49:31Z,No version
pandas,https://github.com/pandas-dev/pandas/issues/55928,2023-11-12T15:03:13Z,No version
pandas,https://github.com/pandas-dev/pandas/issues/55840,2023-11-06T04:14:23Z,No version
pandas,https://github.com/pandas-dev/pandas/issues/55824,2023-11-04T01:37:25Z,No version
pandas,https://github.com/pandas-dev/pandas/issues/55801,2023-11-02T14:32:13Z,No version
pandas,https://github.com/pandas-dev/pandas/issues/55791,2023-11-01T14:32:40Z,No version
pandas,https://github.com/pandas-dev/pandas/issues/55679,2023-10-25T06:16:40Z,No version
pandas,https://github.com/pandas-dev/pandas/issues/55668,2023-10-24T20:07:28Z,No version
pandas,https://github.com/pandas-dev/pandas/issues/55566,2023-10-17T18:05:06Z,No version
pandas,https://github.com/pandas-dev/pandas/issues/55468,2023-10-10T02:36:20Z,No version
pandas,https://github.com/pandas-dev/pandas/issues/55431,2023-10-06T22:37:01Z,No version
pandas,https://github.com/pandas-dev/pandas/issues/55422,2023-10-06T09:20:07Z,No version
pandas,https://github.com/pandas-dev/pandas/issues/55247,2023-09-22T15:47:51Z,No version
pandas,https://github.com/pandas-dev/pandas/issues/55126,2023-09-13T18:32:04Z,No version
pandas,https://github.com/pandas-dev/pandas/issues/55116,2023-09-13T05:20:10Z,No version
pandas,https://github.com/pandas-dev/pandas/issues/55011,2023-09-05T15:24:55Z,No version
pandas,https://github.com/pandas-dev/pandas/issues/54900,2023-08-31T14:25:32Z,No version
pandas,https://github.com/pandas-dev/pandas/issues/54590,2023-08-16T22:09:36Z,No version
pandas,https://github.com/pandas-dev/pandas/issues/54554,2023-08-15T14:32:33Z,No version
pandas,https://github.com/pandas-dev/pandas/issues/54479,2023-08-10T00:02:23Z,No version
pandas,https://github.com/pandas-dev/pandas/issues/54400,2023-08-04T07:15:36Z,No version
pandas,https://github.com/pandas-dev/pandas/issues/54396,2023-08-04T00:35:55Z,No version
pandas,https://github.com/pandas-dev/pandas/issues/54231,2023-07-23T00:10:21Z,No version
pandas,https://github.com/pandas-dev/pandas/issues/54203,2023-07-20T07:34:41Z,No version
pandas,https://github.com/pandas-dev/pandas/issues/54013,2023-07-05T21:53:48Z,No version
pandas,https://github.com/pandas-dev/pandas/issues/53701,2023-06-16T19:42:45Z,No version
pandas,https://github.com/pandas-dev/pandas/issues/53448,2023-05-30T04:24:59Z,No version
pandas,https://github.com/pandas-dev/pandas/issues/53234,2023-05-15T11:24:23Z,No version
pandas,https://github.com/pandas-dev/pandas/issues/53131,2023-05-07T22:36:02Z,No version
pandas,https://github.com/pandas-dev/pandas/issues/53035,2023-05-02T13:18:09Z,No version
pandas,https://github.com/pandas-dev/pandas/issues/52895,2023-04-24T14:08:02Z,No version
pandas,https://github.com/pandas-dev/pandas/issues/52799,2023-04-20T09:51:15Z,No version
pandas,https://github.com/pandas-dev/pandas/issues/52701,2023-04-17T15:49:32Z,No version
pandas,https://github.com/pandas-dev/pandas/issues/52595,2023-04-11T14:35:01Z,No version
pandas,https://github.com/pandas-dev/pandas/issues/52593,2023-04-11T12:43:27Z,No version
pandas,https://github.com/pandas-dev/pandas/issues/52571,2023-04-10T18:55:11Z,No version
pandas,https://github.com/pandas-dev/pandas/issues/52417,2023-04-04T18:45:44Z,No version
pandas,https://github.com/pandas-dev/pandas/issues/52246,2023-03-27T20:37:01Z,No version
pandas,https://github.com/pandas-dev/pandas/issues/52245,2023-03-27T19:44:08Z,No version
pandas,https://github.com/pandas-dev/pandas/issues/52094,2023-03-20T21:52:22Z,No version
pandas,https://github.com/pandas-dev/pandas/issues/52086,2023-03-20T14:00:37Z,No version
pandas,https://github.com/pandas-dev/pandas/issues/52024,2023-03-16T17:32:17Z,No version
pandas,https://github.com/pandas-dev/pandas/issues/51959,2023-03-14T04:48:14Z,No version
pandas,https://github.com/pandas-dev/pandas/issues/51757,2023-03-03T11:54:51Z,No version
pandas,https://github.com/pandas-dev/pandas/issues/51744,2023-03-02T14:26:57Z,No version
pandas,https://github.com/pandas-dev/pandas/issues/51237,2023-02-08T15:41:31Z,No version
pandas,https://github.com/pandas-dev/pandas/issues/51141,2023-02-03T10:41:56Z,No version
pandas,https://github.com/pandas-dev/pandas/issues/50708,2023-01-12T15:40:44Z,No version
pandas,https://github.com/pandas-dev/pandas/issues/50191,2022-12-11T22:29:25Z,No version
pandas,https://github.com/pandas-dev/pandas/issues/49862,2022-11-23T10:07:09Z,No version
pandas,https://github.com/pandas-dev/pandas/issues/49779,2022-11-18T20:38:17Z,No version
pandas,https://github.com/pandas-dev/pandas/issues/49723,2022-11-16T04:26:48Z,No version
pandas,https://github.com/pandas-dev/pandas/issues/49325,2022-10-26T07:23:17Z,No version
pandas,https://github.com/pandas-dev/pandas/issues/49279,2022-10-24T15:01:16Z,No version
pandas,https://github.com/pandas-dev/pandas/issues/49170,2022-10-18T18:42:51Z,No version
pandas,https://github.com/pandas-dev/pandas/issues/48757,2022-09-24T11:29:01Z,No version
pandas,https://github.com/pandas-dev/pandas/issues/48052,2022-08-12T00:19:39Z,No version
pandas,https://github.com/pandas-dev/pandas/issues/47950,2022-08-03T20:50:08Z,No version
pandas,https://github.com/pandas-dev/pandas/issues/47882,2022-07-28T11:27:09Z,No version
pandas,https://github.com/pandas-dev/pandas/issues/47871,2022-07-27T01:53:14Z,No version
pandas,https://github.com/pandas-dev/pandas/issues/47697,2022-07-13T06:45:44Z,No version
pandas,https://github.com/pandas-dev/pandas/issues/47490,2022-06-23T17:10:06Z,No version
pandas,https://github.com/pandas-dev/pandas/issues/47101,2022-05-24T09:44:42Z,No version
pandas,https://github.com/pandas-dev/pandas/issues/47006,2022-05-12T09:12:00Z,No version
pandas,https://github.com/pandas-dev/pandas/issues/46473,2022-03-22T14:27:52Z,No version
pandas,https://github.com/pandas-dev/pandas/issues/46456,2022-03-21T11:17:58Z,No version
pandas,https://github.com/pandas-dev/pandas/issues/45968,2022-02-13T11:02:23Z,No version
pandas,https://github.com/pandas-dev/pandas/issues/45885,2022-02-09T00:07:37Z,No version
pandas,https://github.com/pandas-dev/pandas/issues/45865,2022-02-07T20:46:13Z,No version
pandas,https://github.com/pandas-dev/pandas/issues/45800,2022-02-03T17:06:44Z,No version
pandas,https://github.com/pandas-dev/pandas/issues/45513,2022-01-20T21:07:22Z,No version
pandas,https://github.com/pandas-dev/pandas/issues/44120,2021-10-20T20:05:32Z,No version
pandas,https://github.com/pandas-dev/pandas/issues/44052,2021-10-16T16:06:46Z,No version
pandas,https://github.com/pandas-dev/pandas/issues/43929,2021-10-08T15:34:59Z,No version
pandas,https://github.com/pandas-dev/pandas/issues/43867,2021-10-03T22:46:44Z,No version
pandas,https://github.com/pandas-dev/pandas/issues/43770,2021-09-27T19:27:06Z,No version
